{
	"name": "Python 3",
	"image": "mcr.microsoft.com/devcontainers/python:3.7",
	"features": {
		"ghcr.io/devcontainers/features/node:1": {
			"version": "lts"
		}
	},

	// Use 'forwardPorts' to make a list of ports inside the container available locally.
	// "forwardPorts": [],

	// Use 'postCreateCommand' to run commands after the container is created.
	// "postCreateCommand": "pip3 install --user -r requirements.txt",

	// Set `remoteUser` to `root` to connect as root instead. More info: https://aka.ms/vscode-remote/containers/non-root.
	"remoteUser": "vscode"
}
